measure_id,measure_name,location_id,location_name,sex_id,sex_name,age_id,age_name,cause_id,cause_name,metric_id,metric_name,year,val,upper,lower
1,Deaths,1,Global,3,Both,7,10-14 years,426,"Tracheal, bronchus, and lung cancer",3,Rate,2019,0.032588101111320086,0.03691364386713152,0.02868172823611585
1,Deaths,1,Global,3,Both,8,15-19 years,426,"Tracheal, bronchus, and lung cancer",3,Rate,2019,0.11909326422062388,0.13188950304143296,0.10707102114623619
1,Deaths,1,Global,3,Both,9,20-24 years,426,"Tracheal, bronchus, and lung cancer",3,Rate,2019,0.2370624176264449,0.26136238257559025,0.2154393540496512
1,Deaths,1,Global,3,Both,10,25-29 years,426,"Tracheal, bronchus, and lung cancer",3,Rate,2019,0.4631656898475256,0.5089907413382541,0.4191284260995595
1,Deaths,1,Global,3,Both,11,30-34 years,426,"Tracheal, bronchus, and lung cancer",3,Rate,2019,1.130982769539118,1.2368339257307157,1.0284147796822143
1,Deaths,1,Global,3,Both,12,35-39 years,426,"Tracheal, bronchus, and lung cancer",3,Rate,2019,2.4032963524970836,2.63324869612061,2.198529341231143
1,Deaths,1,Global,3,Both,13,40-44 years,426,"Tracheal, bronchus, and lung cancer",3,Rate,2019,5.523243058895434,6.051798222166659,5.012502447568023
1,Deaths,1,Global,3,Both,14,45-49 years,426,"Tracheal, bronchus, and lung cancer",3,Rate,2019,12.389953093979903,13.538162632234814,11.262989530500352
1,Deaths,1,Global,3,Both,15,50-54 years,426,"Tracheal, bronchus, and lung cancer",3,Rate,2019,26.853183693171932,29.412807359734582,24.49343178904386
1,Deaths,1,Global,3,Both,16,55-59 years,426,"Tracheal, bronchus, and lung cancer",3,Rate,2019,49.55780206812896,53.76434755256958,45.56160889312156
1,Deaths,1,Global,3,Both,17,60-64 years,426,"Tracheal, bronchus, and lung cancer",3,Rate,2019,83.89928055228368,90.4156816218066,77.48493204533524
1,Deaths,1,Global,3,Both,18,65-69 years,426,"Tracheal, bronchus, and lung cancer",3,Rate,2019,126.6508865024524,136.75361593180654,117.02948933070543
1,Deaths,1,Global,3,Both,19,70-74 years,426,"Tracheal, bronchus, and lung cancer",3,Rate,2019,181.63058799233244,195.4293161747697,167.24767231045172
1,Deaths,1,Global,3,Both,20,75-79 years,426,"Tracheal, bronchus, and lung cancer",3,Rate,2019,224.32466568942755,241.25105042190827,206.07316454882562
1,Deaths,1,Global,3,Both,21,80+ years,426,"Tracheal, bronchus, and lung cancer",3,Rate,2019,278.19921524690693,300.84206975180905,241.26225230984636
1,Deaths,1,Global,3,Both,22,All ages,426,"Tracheal, bronchus, and lung cancer",3,Rate,2019,26.399341851180488,28.34609371007874,24.287558411294842
1,Deaths,1,Global,3,Both,23,5-14 years,426,"Tracheal, bronchus, and lung cancer",3,Rate,2019,0.016136787748517564,0.01827868503517538,0.01420245258310223
1,Deaths,1,Global,3,Both,24,15-49 years,426,"Tracheal, bronchus, and lung cancer",3,Rate,2019,2.8138849670037547,3.065337325264558,2.5685846856987293
1,Deaths,1,Global,3,Both,25,50-69 years,426,"Tracheal, bronchus, and lung cancer",3,Rate,2019,64.60563090120213,69.78674752873627,59.58657950021133
1,Deaths,1,Global,3,Both,26,70+ years,426,"Tracheal, bronchus, and lung cancer",3,Rate,2019,224.4725386195956,240.62153633660475,203.9498348234851
1,Deaths,1,Global,3,Both,27,Age-standardized,426,"Tracheal, bronchus, and lung cancer",3,Rate,2019,25.181523786105796,27.011431977115613,23.16412576509726
1,Deaths,1,Global,3,Both,30,80-84 years,426,"Tracheal, bronchus, and lung cancer",3,Rate,2019,264.9008196734089,285.872099379645,235.89215008230167
1,Deaths,1,Global,3,Both,31,85-89 years,426,"Tracheal, bronchus, and lung cancer",3,Rate,2019,302.47633777017637,328.60402186652664,257.5478548241674
1,Deaths,1,Global,3,Both,32,90-94 years,426,"Tracheal, bronchus, and lung cancer",3,Rate,2019,274.7260204568325,306.46669785990287,220.77957375126576
1,Deaths,1,Global,3,Both,37,20+ years,426,"Tracheal, bronchus, and lung cancer",3,Rate,2019,39.58156656843741,42.501682595081824,36.41444436916641
1,Deaths,1,Global,3,Both,39,0-14 years,426,"Tracheal, bronchus, and lung cancer",3,Rate,2019,0.01067882425244196,0.012096265260371315,0.009398741400841805
1,Deaths,1,Global,3,Both,41,50-74 years,426,"Tracheal, bronchus, and lung cancer",3,Rate,2019,78.58607003628008,84.84702965762305,72.62306076471955
1,Deaths,1,Global,3,Both,157,25+ years,426,"Tracheal, bronchus, and lung cancer",3,Rate,2019,44.76194121192182,48.066015603316444,41.1798166740846
1,Deaths,1,Global,3,Both,158,<20 years,426,"Tracheal, bronchus, and lung cancer",3,Rate,2019,0.03671994528846169,0.040560915040726786,0.03311448149532092
1,Deaths,1,Global,3,Both,159,10-24 years,426,"Tracheal, bronchus, and lung cancer",3,Rate,2019,0.12728183339263233,0.13979927887987093,0.11631674396049518
1,Deaths,1,Global,3,Both,160,85+ years,426,"Tracheal, bronchus, and lung cancer",3,Rate,2019,295.4416072930688,323.8691443364496,247.91566945764964
1,Deaths,1,Global,3,Both,162,10-19 years,426,"Tracheal, bronchus, and lung cancer",3,Rate,2019,0.07506437719028616,0.08291624080270577,0.06769394425559228
1,Deaths,1,Global,3,Both,169,10 - 54 years,426,"Tracheal, bronchus, and lung cancer",3,Rate,2019,4.551911265968276,4.965140538278586,4.154725806301176
1,Deaths,1,Global,3,Both,188,5-19 years,426,"Tracheal, bronchus, and lung cancer",3,Rate,2019,0.049420398424208416,0.054589857528819986,0.04456790053072538
1,Deaths,1,Global,3,Both,197,15-39 years,426,"Tracheal, bronchus, and lung cancer",3,Rate,2019,0.8346618001536769,0.9113552283520551,0.7645146682686943
1,Deaths,1,Global,3,Both,206,25-49 years,426,"Tracheal, bronchus, and lung cancer",3,Rate,2019,3.9982307669476205,4.360005264599717,3.648107126384028
1,Deaths,1,Global,3,Both,228,55+ years,426,"Tracheal, bronchus, and lung cancer",3,Rate,2019,129.06484320145665,138.454380031325,118.57217677692248
1,Deaths,1,Global,3,Both,230,60-79 years,426,"Tracheal, bronchus, and lung cancer",3,Rate,2019,137.19516054183745,147.58139352858575,126.63915946382808
1,Deaths,1,Global,3,Both,232,65-74 years,426,"Tracheal, bronchus, and lung cancer",3,Rate,2019,149.73069180992812,161.2342147462857,138.3173539036015
1,Deaths,1,Global,3,Both,234,75+ years,426,"Tracheal, bronchus, and lung cancer",3,Rate,2019,253.45132695061423,272.20530894926674,226.1636323907671
1,Deaths,1,Global,3,Both,235,95+ years,426,"Tracheal, bronchus, and lung cancer",3,Rate,2019,304.5211015570308,348.3963392615388,227.36105172617553
1,Deaths,1,Global,3,Both,243,75-84 years,426,"Tracheal, bronchus, and lung cancer",3,Rate,2019,240.5228732324304,258.0845401917858,218.81205547189856
1,Deaths,1,Global,3,Both,284,20-54 years,426,"Tracheal, bronchus, and lung cancer",3,Rate,2019,6.057237320317768,6.607609930675811,5.530182110175926
1,Deaths,1,Global,3,Both,285,55-89 years,426,"Tracheal, bronchus, and lung cancer",3,Rate,2019,126.68582073306362,135.94028893076185,116.69426652136218
1,Deaths,1,Global,3,Both,286,60-89 years,426,"Tracheal, bronchus, and lung cancer",3,Rate,2019,154.929503639614,166.1332331591343,142.38542250365253
1,Deaths,1,Global,3,Both,287,65-89 years,426,"Tracheal, bronchus, and lung cancer",3,Rate,2019,186.61460231106832,200.1060397411764,171.21446743128138
1,Deaths,1,Global,3,Both,288,70-89 years,426,"Tracheal, bronchus, and lung cancer",3,Rate,2019,221.69172823048154,237.8806801337373,202.24106550336455
1,Deaths,1,Global,3,Both,289,75-94 years,426,"Tracheal, bronchus, and lung cancer",3,Rate,2019,252.55451440718636,271.07770245983966,226.47312801852758
1,Deaths,1,Global,3,Both,420,<70 years,426,"Tracheal, bronchus, and lung cancer",3,Rate,2019,13.772971275038485,14.880987825857071,12.697714624221035
1,Deaths,1,Global,3,Both,1,<5 years,322,Lower respiratory infections,3,Rate,2019,101.37061085775998,124.62492338417385,83.0655542769705
1,Deaths,1,Global,3,Both,2,0-6 days,322,Lower respiratory infections,3,Rate,2019,4558.793016933568,5598.177604434504,3692.374200349024
1,Deaths,1,Global,3,Both,3,7-27 days,322,Lower respiratory infections,3,Rate,2019,1032.7416321901037,1256.1232789836881,861.7371839937524
1,Deaths,1,Global,3,Both,4,28-364 days,322,Lower respiratory infections,3,Rate,2019,252.36126418685117,311.74760982503335,204.65991388666117
1,Deaths,1,Global,3,Both,5,1-4 years,322,Lower respiratory infections,3,Rate,2019,31.72458458244627,39.5851705675413,25.08458439849027
1,Deaths,1,Global,3,Both,6,5-9 years,322,Lower respiratory infections,3,Rate,2019,4.206542411017248,4.989801787116617,3.5262420542872297
1,Deaths,1,Global,3,Both,7,10-14 years,322,Lower respiratory infections,3,Rate,2019,2.311874517146965,2.6867547375687346,1.9911872836516218
1,Deaths,1,Global,3,Both,8,15-19 years,322,Lower respiratory infections,3,Rate,2019,2.185100456252721,2.517250292144228,1.933004902170522
1,Deaths,1,Global,3,Both,9,20-24 years,322,Lower respiratory infections,3,Rate,2019,2.615062506447063,2.959064853858105,2.3289577462233737
1,Deaths,1,Global,3,Both,10,25-29 years,322,Lower respiratory infections,3,Rate,2019,3.0523925831523506,3.438146688780085,2.7369467535877474
1,Deaths,1,Global,3,Both,11,30-34 years,322,Lower respiratory infections,3,Rate,2019,3.6438939926239655,4.080559232938508,3.296192757527392
1,Deaths,1,Global,3,Both,12,35-39 years,322,Lower respiratory infections,3,Rate,2019,5.008003811832249,5.551572213399549,4.549827349727781
1,Deaths,1,Global,3,Both,13,40-44 years,322,Lower respiratory infections,3,Rate,2019,6.6066320408595125,7.377914738037143,6.014961601982433
1,Deaths,1,Global,3,Both,14,45-49 years,322,Lower respiratory infections,3,Rate,2019,8.57627183679493,9.483302923822347,7.811743296157695
1,Deaths,1,Global,3,Both,15,50-54 years,322,Lower respiratory infections,3,Rate,2019,12.82968340591977,14.133790619726472,11.691645905959465
1,Deaths,1,Global,3,Both,16,55-59 years,322,Lower respiratory infections,3,Rate,2019,20.134617109820063,21.99546405155627,18.39881261017487
1,Deaths,1,Global,3,Both,17,60-64 years,322,Lower respiratory infections,3,Rate,2019,34.91943795069766,37.77241449305878,31.830766732905527
1,Deaths,1,Global,3,Both,18,65-69 years,322,Lower respiratory infections,3,Rate,2019,54.79019911715612,59.22773662970187,50.04177009068552
1,Deaths,1,Global,3,Both,19,70-74 years,322,Lower respiratory infections,3,Rate,2019,98.80104836426914,106.17873081880339,90.66500883309907
1,Deaths,1,Global,3,Both,20,75-79 years,322,Lower respiratory infections,3,Rate,2019,175.216497515531,188.2967327865397,161.0948478684294
1,Deaths,1,Global,3,Both,21,80+ years,322,Lower respiratory infections,3,Rate,2019,548.3018576981831,596.4862983471264,459.4947919511632
1,Deaths,1,Global,3,Both,22,All ages,322,Lower respiratory infections,3,Rate,2019,32.22243985351216,35.362802477784726,29.314298534537357
1,Deaths,1,Global,3,Both,23,5-14 years,322,Lower respiratory infections,3,Rate,2019,3.268351702915658,3.8425131978255824,2.7788306506854554
1,Deaths,1,Global,3,Both,24,15-49 years,322,Lower respiratory infections,3,Rate,2019,4.3192230888838035,4.788658749773483,3.9331529433081975
1,Deaths,1,Global,3,Both,25,50-69 years,322,Lower respiratory infections,3,Rate,2019,27.67023544985905,29.9132140454422,25.362230174052787
1,Deaths,1,Global,3,Both,26,70+ years,322,Lower respiratory infections,3,Rate,2019,264.70291463547636,284.84015798445233,229.5070625415515
1,Deaths,1,Global,3,Both,27,Age-standardized,322,Lower respiratory infections,3,Rate,2019,34.310383894510736,37.87916171200332,31.082879768620433
1,Deaths,1,Global,3,Both,28,<1 year,322,Lower respiratory infections,3,Rate,2019,381.4930996748662,464.503248798156,312.4845632259715
1,Deaths,1,Global,3,Both,30,80-84 years,322,Lower respiratory infections,3,Rate,2019,330.58070089785065,356.81113394494383,289.793572523108
1,Deaths,1,Global,3,Both,31,85-89 years,322,Lower respiratory infections,3,Rate,2019,603.9723516117135,654.4294388321675,509.31861575375916
1,Deaths,1,Global,3,Both,32,90-94 years,322,Lower respiratory infections,3,Rate,2019,1071.7052821982102,1193.8307421516329,844.6951400113696
1,Deaths,1,Global,3,Both,37,20+ years,322,Lower respiratory infections,3,Rate,2019,34.22416557681268,36.77517323273423,30.762481702738377
1,Deaths,1,Global,3,Both,39,0-14 years,322,Lower respiratory infections,3,Rate,2019,36.44958688393112,44.69867587489205,30.053832509097187
1,Deaths,1,Global,3,Both,41,50-74 years,322,Lower respiratory infections,3,Rate,2019,36.16791000832201,38.897448663766625,33.35691380141521
1,Deaths,1,Global,3,Both,42,<28 days,322,Lower respiratory infections,3,Rate,2019,1920.294087591773,2332.9184791871094,1584.6525392181882
1,Deaths,1,Global,3,Both,157,25+ years,322,Lower respiratory infections,3,Rate,2019,38.386042809306325,41.24875948602038,34.47871705317386
1,Deaths,1,Global,3,Both,158,<20 years,322,Lower respiratory infections,3,Rate,2019,28.21926591781162,34.56083222497539,23.324811378667924
1,Deaths,1,Global,3,Both,159,10-24 years,322,Lower respiratory infections,3,Rate,2019,2.3674180022802016,2.704115522279518,2.105519755894741
1,Deaths,1,Global,3,Both,160,85+ years,322,Lower respiratory infections,3,Rate,2019,830.5940726911246,914.5632369082515,671.8904437570561
1,Deaths,1,Global,3,Both,162,10-19 years,322,Lower respiratory infections,3,Rate,2019,2.2496251690543962,2.5850090476283683,1.9719001229747966
1,Deaths,1,Global,3,Both,169,10 - 54 years,322,Lower respiratory infections,3,Rate,2019,4.803540104186184,5.324714717861917,4.391081890414506
1,Deaths,1,Global,3,Both,172,0-9 years,322,Lower respiratory infections,3,Rate,2019,53.08868606978937,65.22608817189045,43.70721883020139
1,Deaths,1,Global,3,Both,188,5-19 years,322,Lower respiratory infections,3,Rate,2019,2.9181599132067877,3.3943886987749177,2.5332419435614413
1,Deaths,1,Global,3,Both,197,15-39 years,322,Lower respiratory infections,3,Rate,2019,3.2593024381192044,3.62783570172829,2.945595749855349
1,Deaths,1,Global,3,Both,206,25-49 years,322,Lower respiratory infections,3,Rate,2019,5.182778811802966,5.743222036419642,4.721077637335691
1,Deaths,1,Global,3,Both,228,55+ years,322,Lower respiratory infections,3,Rate,2019,110.4616507898374,118.58399052521746,98.21623355102506
1,Deaths,1,Global,3,Both,230,60-79 years,322,Lower respiratory infections,3,Rate,2019,74.35977203287177,79.73989426574389,68.9983784112767
1,Deaths,1,Global,3,Both,232,65-74 years,322,Lower respiratory infections,3,Rate,2019,73.2654145969456,78.63740963446442,67.70181512659288
1,Deaths,1,Global,3,Both,234,75+ years,322,Lower respiratory infections,3,Rate,2019,376.920845798835,407.71251406148997,322.8071646436512
1,Deaths,1,Global,3,Both,235,95+ years,322,Lower respiratory infections,3,Rate,2019,2043.4395453226016,2314.754043816301,1527.9098967587938
1,Deaths,1,Global,3,Both,243,75-84 years,322,Lower respiratory infections,3,Rate,2019,237.23867961129028,254.61842956386954,214.21387936083656
1,Deaths,1,Global,3,Both,284,20-54 years,322,Lower respiratory infections,3,Rate,2019,5.662286178813629,6.257659773847412,5.176674289851227
1,Deaths,1,Global,3,Both,285,55-89 years,322,Lower respiratory infections,3,Rate,2019,92.08916110646324,98.7894182201413,84.10405891231719
1,Deaths,1,Global,3,Both,286,60-89 years,322,Lower respiratory infections,3,Rate,2019,118.43835766958699,127.0854658287164,107.59890191201457
1,Deaths,1,Global,3,Both,287,65-89 years,322,Lower respiratory infections,3,Rate,2019,155.69440301485736,166.8714524791393,140.29547787135806
1,Deaths,1,Global,3,Both,288,70-89 years,322,Lower respiratory infections,3,Rate,2019,214.72058940421434,230.38965317845444,191.33507006546432
1,Deaths,1,Global,3,Both,289,75-94 years,322,Lower respiratory infections,3,Rate,2019,347.6558865326482,374.82258823920483,301.218357086254
1,Deaths,1,Global,3,Both,420,<70 years,322,Lower respiratory infections,3,Rate,2019,17.402743528084905,20.103533040566564,15.3552491810403
1,Deaths,1,Global,3,Both,8,15-19 years,493,Ischemic heart disease,3,Rate,2019,1.444395020733277,1.656568701418583,1.265733636141705
1,Deaths,1,Global,3,Both,9,20-24 years,493,Ischemic heart disease,3,Rate,2019,3.104235520616928,3.5067380742305074,2.7915312405657344
1,Deaths,1,Global,3,Both,10,25-29 years,493,Ischemic heart disease,3,Rate,2019,4.858146294123463,5.428094465506742,4.403751692094934
1,Deaths,1,Global,3,Both,11,30-34 years,493,Ischemic heart disease,3,Rate,2019,9.904265468946326,10.963172492343649,9.061823845453748
1,Deaths,1,Global,3,Both,12,35-39 years,493,Ischemic heart disease,3,Rate,2019,17.67662518441408,19.30992576609019,16.26854630804314
1,Deaths,1,Global,3,Both,13,40-44 years,493,Ischemic heart disease,3,Rate,2019,31.843366303494317,34.53970939177011,29.215768443877113
1,Deaths,1,Global,3,Both,14,45-49 years,493,Ischemic heart disease,3,Rate,2019,53.898122475704966,58.53386124184712,49.39345412519557
1,Deaths,1,Global,3,Both,15,50-54 years,493,Ischemic heart disease,3,Rate,2019,90.77653460537684,98.25577611304598,83.49453893139264
1,Deaths,1,Global,3,Both,16,55-59 years,493,Ischemic heart disease,3,Rate,2019,148.973388942183,160.60337946901217,137.55545629700867
1,Deaths,1,Global,3,Both,17,60-64 years,493,Ischemic heart disease,3,Rate,2019,237.53225950294546,254.19442538911008,221.98997906248977
1,Deaths,1,Global,3,Both,18,65-69 years,493,Ischemic heart disease,3,Rate,2019,357.1541878549527,381.5191976677114,334.4559749098803
1,Deaths,1,Global,3,Both,19,70-74 years,493,Ischemic heart disease,3,Rate,2019,564.950869410563,599.9485705865712,528.7035162836078
1,Deaths,1,Global,3,Both,20,75-79 years,493,Ischemic heart disease,3,Rate,2019,927.0811526169076,984.4110950014192,862.6934739932229
1,Deaths,1,Global,3,Both,21,80+ years,493,Ischemic heart disease,3,Rate,2019,2449.665047766536,2650.597447587044,2093.986250173445
1,Deaths,1,Global,3,Both,22,All ages,493,Ischemic heart disease,3,Rate,2019,118.09800224254036,125.9269102507862,108.50689325961953
1,Deaths,1,Global,3,Both,24,15-49 years,493,Ischemic heart disease,3,Rate,2019,15.87543145153035,17.243227559015526,14.57531854495373
1,Deaths,1,Global,3,Both,25,50-69 years,493,Ischemic heart disease,3,Rate,2019,189.6482739336651,202.67211584384359,176.64357259242718
1,Deaths,1,Global,3,Both,26,70+ years,493,Ischemic heart disease,3,Rate,2019,1271.9955959856152,1360.5846726253192,1134.9285001475982
1,Deaths,1,Global,3,Both,27,Age-standardized,493,Ischemic heart disease,3,Rate,2019,117.95182072474721,125.91834032612587,107.83269849575645
1,Deaths,1,Global,3,Both,30,80-84 years,493,Ischemic heart disease,3,Rate,2019,1690.3757689780723,1806.556272421004,1518.2470649936397
1,Deaths,1,Global,3,Both,31,85-89 years,493,Ischemic heart disease,3,Rate,2019,2749.8422683510203,2970.31452709711,2349.161063264144
1,Deaths,1,Global,3,Both,32,90-94 years,493,Ischemic heart disease,3,Rate,2019,4270.522249342099,4710.781675944823,3472.683002677032
1,Deaths,1,Global,3,Both,37,20+ years,493,Ischemic heart disease,3,Rate,2019,176.97761311640483,188.70109694847795,162.6009412622724
1,Deaths,1,Global,3,Both,41,50-74 years,493,Ischemic heart disease,3,Rate,2019,234.4839673081618,249.50815675676796,219.27179626337656
1,Deaths,1,Global,3,Both,157,25+ years,493,Ischemic heart disease,3,Rate,2019,199.8710071472878,213.06756867793854,183.61717564240575
1,Deaths,1,Global,3,Both,158,<20 years,493,Ischemic heart disease,3,Rate,2019,0.34694331834189773,0.3979073827322625,0.304028898989849
1,Deaths,1,Global,3,Both,159,10-24 years,493,Ischemic heart disease,3,Rate,2019,1.4812250528213775,1.6806617897251044,1.3256122345593027
1,Deaths,1,Global,3,Both,160,85+ years,493,Ischemic heart disease,3,Rate,2019,3434.1419607114567,3748.791572808561,2835.2273088307616
1,Deaths,1,Global,3,Both,162,10-19 years,493,Ischemic heart disease,3,Rate,2019,0.7092353735028338,0.8134181472650402,0.6215080052881401
1,Deaths,1,Global,3,Both,169,10 - 54 years,493,Ischemic heart disease,3,Rate,2019,20.367367748373372,22.0676693250303,18.72524526973264
1,Deaths,1,Global,3,Both,188,5-19 years,493,Ischemic heart disease,3,Rate,2019,0.4669417911268324,0.5355329708713257,0.4091844146966381
1,Deaths,1,Global,3,Both,197,15-39 years,493,Ischemic heart disease,3,Rate,2019,7.1504837276514355,7.870349211737629,6.563823661271611
1,Deaths,1,Global,3,Both,206,25-49 years,493,Ischemic heart disease,3,Rate,2019,21.990567743877808,23.85550337557924,20.190222873490846
1,Deaths,1,Global,3,Both,228,55+ years,493,Ischemic heart disease,3,Rate,2019,577.3589162905616,614.9939931023602,525.6119667463859
1,Deaths,1,Global,3,Both,230,60-79 years,493,Ischemic heart disease,3,Rate,2019,440.63401921655236,467.76132271367743,413.0992805939408
1,Deaths,1,Global,3,Both,232,65-74 years,493,Ischemic heart disease,3,Rate,2019,444.3846897289178,471.87788843793743,416.99176356153527
1,Deaths,1,Global,3,Both,234,75+ years,493,Ischemic heart disease,3,Rate,2019,1750.2487840872398,1879.8886632235112,1536.7354663831645
1,Deaths,1,Global,3,Both,235,95+ years,493,Ischemic heart disease,3,Rate,2019,6713.826207656738,7528.6614166378895,5148.506152158599
1,Deaths,1,Global,3,Both,243,75-84 years,493,Ischemic heart disease,3,Rate,2019,1231.7922550332605,1309.2438590414706,1129.0704358470673
1,Deaths,1,Global,3,Both,284,20-54 years,493,Ischemic heart disease,3,Rate,2019,26.977354549110487,29.225997962034217,24.795703450429855
1,Deaths,1,Global,3,Both,285,55-89 years,493,Ischemic heart disease,3,Rate,2019,511.2195843468728,543.6682310509486,473.4879102311674
1,Deaths,1,Global,3,Both,286,60-89 years,493,Ischemic heart disease,3,Rate,2019,643.8713346992496,683.9950755049982,594.2903601430593
1,Deaths,1,Global,3,Both,287,65-89 years,493,Ischemic heart disease,3,Rate,2019,825.1307075697669,877.3914962128928,758.2253130409149
1,Deaths,1,Global,3,Both,288,70-89 years,493,Ischemic heart disease,3,Rate,2019,1098.8841114074671,1169.8681720399934,1000.5734198532508
1,Deaths,1,Global,3,Both,289,75-94 years,493,Ischemic heart disease,3,Rate,2019,1663.085711055517,1781.9084044143362,1469.8647168104392
1,Deaths,1,Global,3,Both,420,<70 years,493,Ischemic heart disease,3,Rate,2019,44.54166618484987,47.75716026900197,41.397231286253195
1,Deaths,1,Global,3,Both,1,<5 years,494,Stroke,3,Rate,2019,1.4479505890531013,1.9211946952270802,1.1250836047374324
1,Deaths,1,Global,3,Both,2,0-6 days,494,Stroke,3,Rate,2019,44.496629934736575,58.49927640956761,34.55511613725994
1,Deaths,1,Global,3,Both,3,7-27 days,494,Stroke,3,Rate,2019,10.34352661680276,15.135124777375484,7.40041958628816
1,Deaths,1,Global,3,Both,4,28-364 days,494,Stroke,3,Rate,2019,3.3745001010068396,4.553582058219752,2.570494587740945
1,Deaths,1,Global,3,Both,5,1-4 years,494,Stroke,3,Rate,2019,0.669335639675284,0.9363695423095626,0.5008605456804819
1,Deaths,1,Global,3,Both,6,5-9 years,494,Stroke,3,Rate,2019,0.4213653369416373,0.5179893075904636,0.34992579847033894
1,Deaths,1,Global,3,Both,7,10-14 years,494,Stroke,3,Rate,2019,0.5837226745274328,0.6867992317957138,0.49439085941428246
1,Deaths,1,Global,3,Both,8,15-19 years,494,Stroke,3,Rate,2019,1.3351878840556624,1.5094717803971354,1.174202713932517
1,Deaths,1,Global,3,Both,9,20-24 years,494,Stroke,3,Rate,2019,2.350915087454992,2.631301539551333,2.0870284053042494
1,Deaths,1,Global,3,Both,10,25-29 years,494,Stroke,3,Rate,2019,3.0927711788548016,3.42987378911848,2.7933985576735356
1,Deaths,1,Global,3,Both,11,30-34 years,494,Stroke,3,Rate,2019,5.339767637488388,5.886944135269726,4.830101354383003
1,Deaths,1,Global,3,Both,12,35-39 years,494,Stroke,3,Rate,2019,9.823462567169239,10.713877171837956,8.987279039446175
1,Deaths,1,Global,3,Both,13,40-44 years,494,Stroke,3,Rate,2019,18.724290424945732,20.479926238825033,17.063218284817143
1,Deaths,1,Global,3,Both,14,45-49 years,494,Stroke,3,Rate,2019,31.929449229285744,34.65998548347384,29.162467865805006
1,Deaths,1,Global,3,Both,15,50-54 years,494,Stroke,3,Rate,2019,58.76939450960767,63.98595452659795,53.79022221992072
1,Deaths,1,Global,3,Both,16,55-59 years,494,Stroke,3,Rate,2019,95.14360286889925,102.8978446772473,87.56669004034235
1,Deaths,1,Global,3,Both,17,60-64 years,494,Stroke,3,Rate,2019,164.0650392389863,176.42426184444258,151.7190882461958
1,Deaths,1,Global,3,Both,18,65-69 years,494,Stroke,3,Rate,2019,270.31118973563997,290.11295940079026,250.42923723795508
1,Deaths,1,Global,3,Both,19,70-74 years,494,Stroke,3,Rate,2019,455.7699928209238,488.9298427421297,422.1002159997727
1,Deaths,1,Global,3,Both,20,75-79 years,494,Stroke,3,Rate,2019,757.6986946243547,811.2788259949738,699.3595910335434
1,Deaths,1,Global,3,Both,21,80+ years,494,Stroke,3,Rate,2019,1691.7494643946932,1831.9660496341753,1450.5372130926894
1,Deaths,1,Global,3,Both,22,All ages,494,Stroke,3,Rate,2019,84.68826486403988,90.66456478995202,77.48274991869663
1,Deaths,1,Global,3,Both,23,5-14 years,494,Stroke,3,Rate,2019,0.5017605059355836,0.5925831548958294,0.42293377343273675
1,Deaths,1,Global,3,Both,24,15-49 years,494,Stroke,3,Rate,2019,9.403965409462886,10.199415261771207,8.626971188287659
1,Deaths,1,Global,3,Both,25,50-69 years,494,Stroke,3,Rate,2019,132.08987041337699,141.946958349348,122.26032509563055
1,Deaths,1,Global,3,Both,26,70+ years,494,Stroke,3,Rate,2019,937.1032473623203,1005.0085535885526,838.6467424329858
1,Deaths,1,Global,3,Both,27,Age-standardized,494,Stroke,3,Rate,2019,84.18979037185693,90.15262353411043,76.75974677898579
1,Deaths,1,Global,3,Both,28,<1 year,494,Stroke,3,Rate,2019,4.57960890632351,6.045230816330657,3.59716350149708
1,Deaths,1,Global,3,Both,30,80-84 years,494,Stroke,3,Rate,2019,1276.6693313126334,1368.5198552492848,1142.1078259904232
1,Deaths,1,Global,3,Both,31,85-89 years,494,Stroke,3,Rate,2019,1951.5169594078147,2111.14584990421,1674.3639024649124
1,Deaths,1,Global,3,Both,32,90-94 years,494,Stroke,3,Rate,2019,2557.4842738194407,2838.806714296531,2079.5123337489395
1,Deaths,1,Global,3,Both,37,20+ years,494,Stroke,3,Rate,2019,126.56274538730274,135.47468443869028,115.72984524083694
1,Deaths,1,Global,3,Both,39,0-14 years,494,Stroke,3,Rate,2019,0.8217914200484994,1.029586587643951,0.6685974702565982
1,Deaths,1,Global,3,Both,41,50-74 years,494,Stroke,3,Rate,2019,170.75846182357853,183.30990532354141,157.96964276298075
1,Deaths,1,Global,3,Both,42,<28 days,494,Stroke,3,Rate,2019,18.94030170651818,25.03034652907507,14.558044595074426
1,Deaths,1,Global,3,Both,157,25+ years,494,Stroke,3,Rate,2019,142.9173501788558,152.9921168460552,130.68342522203022
1,Deaths,1,Global,3,Both,158,<20 years,494,Stroke,3,Rate,2019,0.9451091207403893,1.1224229069320577,0.8006894058974662
1,Deaths,1,Global,3,Both,159,10-24 years,494,Stroke,3,Rate,2019,1.4033999216327608,1.5690483128401571,1.2492195741062695
1,Deaths,1,Global,3,Both,160,85+ years,494,Stroke,3,Rate,2019,2229.93276219314,2438.6683459221417,1856.757924669551
1,Deaths,1,Global,3,Both,162,10-19 years,494,Stroke,3,Rate,2019,0.9527115597726641,1.082583763209171,0.8351682175473013
1,Deaths,1,Global,3,Both,169,10 - 54 years,494,Stroke,3,Rate,2019,12.574897338036251,13.631859561116594,11.530043824276252
1,Deaths,1,Global,3,Both,172,0-9 years,494,Stroke,3,Rate,2019,0.9378287639459805,1.215949236844556,0.7440714253968398
1,Deaths,1,Global,3,Both,188,5-19 years,494,Stroke,3,Rate,2019,0.7711896213281049,0.8841281925931402,0.672628868034178
1,Deaths,1,Global,3,Both,197,15-39 years,494,Stroke,3,Rate,2019,4.25829566849854,4.666579592428336,3.9020857398079527
1,Deaths,1,Global,3,Both,206,25-49 years,494,Stroke,3,Rate,2019,12.803725909298517,13.89856266286065,11.742458182798053
1,Deaths,1,Global,3,Both,228,55+ years,494,Stroke,3,Rate,2019,420.3885275339828,449.8080617307881,382.9785629091837
1,Deaths,1,Global,3,Both,230,60-79 years,494,Stroke,3,Rate,2019,341.94628249482673,366.3605200650553,317.4434292226783
1,Deaths,1,Global,3,Both,232,65-74 years,494,Stroke,3,Rate,2019,348.16452381665056,373.0045960389263,322.78565696767316
1,Deaths,1,Global,3,Both,234,75+ years,494,Stroke,3,Rate,2019,1262.682598811342,1358.3373340104072,1114.265026393656
1,Deaths,1,Global,3,Both,235,95+ years,494,Stroke,3,Rate,2019,3609.30746284594,4078.711036050606,2720.3500836612347
1,Deaths,1,Global,3,Both,243,75-84 years,494,Stroke,3,Rate,2019,964.8744186991315,1030.2046946738599,880.7406822507448
1,Deaths,1,Global,3,Both,284,20-54 years,494,Stroke,3,Rate,2019,16.48282170872784,17.869543376220147,15.103850260752743
1,Deaths,1,Global,3,Both,285,55-89 years,494,Stroke,3,Rate,2019,383.36457889921536,409.7309924245688,352.5341876076861
1,Deaths,1,Global,3,Both,286,60-89 years,494,Stroke,3,Rate,2019,488.90886740714393,522.580948020811,449.0036567772785
1,Deaths,1,Global,3,Both,287,65-89 years,494,Stroke,3,Rate,2019,633.814913044453,677.5388806250543,580.7713552462885
1,Deaths,1,Global,3,Both,288,70-89 years,494,Stroke,3,Rate,2019,846.4546019418954,904.7493605000454,769.6217789488907
1,Deaths,1,Global,3,Both,289,75-94 years,494,Stroke,3,Rate,2019,1221.4746117190753,1312.548596347746,1085.563405974868
1,Deaths,1,Global,3,Both,420,<70 years,494,Stroke,3,Rate,2019,30.350234129559777,32.64851330789774,28.058022497591622
1,Deaths,1,Global,3,Both,1,<5 years,509,Chronic obstructive pulmonary disease,3,Rate,2019,0.16938657491196812,0.28453657997937065,0.11072648988702642
1,Deaths,1,Global,3,Both,4,28-364 days,509,Chronic obstructive pulmonary disease,3,Rate,2019,0.0,0.0,0.0
1,Deaths,1,Global,3,Both,5,1-4 years,509,Chronic obstructive pulmonary disease,3,Rate,2019,0.21150065827892972,0.355280068691088,0.1382560897296156
1,Deaths,1,Global,3,Both,6,5-9 years,509,Chronic obstructive pulmonary disease,3,Rate,2019,0.05236606925529308,0.06569067196322684,0.04187802822782899
1,Deaths,1,Global,3,Both,7,10-14 years,509,Chronic obstructive pulmonary disease,3,Rate,2019,0.048191428649154745,0.05877081637391238,0.040707253072506194
1,Deaths,1,Global,3,Both,8,15-19 years,509,Chronic obstructive pulmonary disease,3,Rate,2019,0.279075568617567,0.34495718245095264,0.23885988636419705
1,Deaths,1,Global,3,Both,9,20-24 years,509,Chronic obstructive pulmonary disease,3,Rate,2019,0.3911096051335453,0.47006093323530795,0.33201413456490164
1,Deaths,1,Global,3,Both,10,25-29 years,509,Chronic obstructive pulmonary disease,3,Rate,2019,0.516158078237661,0.598314108977189,0.4463289687078034
1,Deaths,1,Global,3,Both,11,30-34 years,509,Chronic obstructive pulmonary disease,3,Rate,2019,0.8630186227724392,1.0072556904510832,0.7489790476555959
1,Deaths,1,Global,3,Both,12,35-39 years,509,Chronic obstructive pulmonary disease,3,Rate,2019,1.4921633972359858,1.7292348535663689,1.2809965736438422
1,Deaths,1,Global,3,Both,13,40-44 years,509,Chronic obstructive pulmonary disease,3,Rate,2019,2.9625192454704172,3.389949039886406,2.564975527812383
1,Deaths,1,Global,3,Both,14,45-49 years,509,Chronic obstructive pulmonary disease,3,Rate,2019,6.252850113573992,7.086954193963102,5.427070859910786
1,Deaths,1,Global,3,Both,15,50-54 years,509,Chronic obstructive pulmonary disease,3,Rate,2019,14.961883571794772,16.774732080039,12.907402322332619
1,Deaths,1,Global,3,Both,16,55-59 years,509,Chronic obstructive pulmonary disease,3,Rate,2019,30.64492941897105,34.186101612717344,26.712932588646815
1,Deaths,1,Global,3,Both,17,60-64 years,509,Chronic obstructive pulmonary disease,3,Rate,2019,67.63016956542016,74.85867922051092,59.80828276084658
1,Deaths,1,Global,3,Both,18,65-69 years,509,Chronic obstructive pulmonary disease,3,Rate,2019,128.71351500080073,141.22534787945844,115.64355707664056
1,Deaths,1,Global,3,Both,19,70-74 years,509,Chronic obstructive pulmonary disease,3,Rate,2019,257.69124935903164,282.04779065355103,229.8869203699747
1,Deaths,1,Global,3,Both,20,75-79 years,509,Chronic obstructive pulmonary disease,3,Rate,2019,439.31623363289924,478.9574709029921,391.9910017914965
1,Deaths,1,Global,3,Both,21,80+ years,509,Chronic obstructive pulmonary disease,3,Rate,2019,970.095219626226,1064.4201591644833,838.0982944020853
1,Deaths,1,Global,3,Both,22,All ages,509,Chronic obstructive pulmonary disease,3,Rate,2019,42.39936919628475,46.16973608904103,37.51687142329724
1,Deaths,1,Global,3,Both,23,5-14 years,509,Chronic obstructive pulmonary disease,3,Rate,2019,0.050298894823819384,0.06092511864545721,0.04181463179120705
1,Deaths,1,Global,3,Both,24,15-49 years,509,Chronic obstructive pulmonary disease,3,Rate,2019,1.6444559281497826,1.8775181482692431,1.4365525116202253
1,Deaths,1,Global,3,Both,25,50-69 years,509,Chronic obstructive pulmonary disease,3,Rate,2019,52.44959698595962,57.60982477862507,46.560415676388374
1,Deaths,1,Global,3,Both,26,70+ years,509,Chronic obstructive pulmonary disease,3,Rate,2019,537.2077002264465,587.9774645423325,473.6161635866215
1,Deaths,1,Global,3,Both,27,Age-standardized,509,Chronic obstructive pulmonary disease,3,Rate,2019,42.51505890259224,46.31113815095759,37.63320607470126
1,Deaths,1,Global,3,Both,28,<1 year,509,Chronic obstructive pulmonary disease,3,Rate,2019,0.0,0.0,0.0
1,Deaths,1,Global,3,Both,30,80-84 years,509,Chronic obstructive pulmonary disease,3,Rate,2019,783.3655124330926,857.9399685248582,690.9492536658776
1,Deaths,1,Global,3,Both,31,85-89 years,509,Chronic obstructive pulmonary disease,3,Rate,2019,1117.6204271371364,1230.093875222232,957.6519240751173
1,Deaths,1,Global,3,Both,32,90-94 years,509,Chronic obstructive pulmonary disease,3,Rate,2019,1320.3560240977288,1484.356624237811,1061.8316465224334
1,Deaths,1,Global,3,Both,37,20+ years,509,Chronic obstructive pulmonary disease,3,Rate,2019,63.53259115137147,69.18627074778298,56.19847765429996
1,Deaths,1,Global,3,Both,39,0-14 years,509,Chronic obstructive pulmonary disease,3,Rate,2019,0.09057805204413805,0.1316553089594813,0.06645820401395292
1,Deaths,1,Global,3,Both,41,50-74 years,509,Chronic obstructive pulmonary disease,3,Rate,2019,76.96888330152855,84.12724305019351,68.50234281405915
1,Deaths,1,Global,3,Both,157,25+ years,509,Chronic obstructive pulmonary disease,3,Rate,2019,71.84624351563512,78.23007859462713,63.55281840291567
1,Deaths,1,Global,3,Both,158,<20 years,509,Chronic obstructive pulmonary disease,3,Rate,2019,0.1358551078082815,0.17419291723184946,0.10916431304130284
1,Deaths,1,Global,3,Both,159,10-24 years,509,Chronic obstructive pulmonary disease,3,Rate,2019,0.2355526456844423,0.2850186253823526,0.20086336237658617
1,Deaths,1,Global,3,Both,160,85+ years,509,Chronic obstructive pulmonary disease,3,Rate,2019,1212.2046380364645,1347.973477584801,1010.345241949032
1,Deaths,1,Global,3,Both,162,10-19 years,509,Chronic obstructive pulmonary disease,3,Rate,2019,0.16156152263026347,0.19818815664447337,0.13849449970134248
1,Deaths,1,Global,3,Both,169,10 - 54 years,509,Chronic obstructive pulmonary disease,3,Rate,2019,2.6001938049803632,2.9032399509983153,2.2647849194466523
1,Deaths,1,Global,3,Both,172,0-9 years,509,Chronic obstructive pulmonary disease,3,Rate,2019,0.11123776184674834,0.17254315869057033,0.07782582028054526
1,Deaths,1,Global,3,Both,188,5-19 years,509,Chronic obstructive pulmonary disease,3,Rate,2019,0.12425746453355119,0.15222339441965316,0.10655956038358856
1,Deaths,1,Global,3,Both,197,15-39 years,509,Chronic obstructive pulmonary disease,3,Rate,2019,0.689610540625773,0.8019760681041352,0.6026710446014559
1,Deaths,1,Global,3,Both,206,25-49 years,509,Chronic obstructive pulmonary disease,3,Rate,2019,2.232982288577356,2.545739830478297,1.9465904238962672
1,Deaths,1,Global,3,Both,228,55+ years,509,Chronic obstructive pulmonary disease,3,Rate,2019,223.9848941585969,244.12355973103078,198.29284700436227
1,Deaths,1,Global,3,Both,230,60-79 years,509,Chronic obstructive pulmonary disease,3,Rate,2019,178.98417778360982,194.8832508182415,160.04495440955998
1,Deaths,1,Global,3,Both,232,65-74 years,509,Chronic obstructive pulmonary disease,3,Rate,2019,182.85678819655007,199.590931656898,163.5213470221117
1,Deaths,1,Global,3,Both,234,75+ years,509,Chronic obstructive pulmonary disease,3,Rate,2019,726.2758436262877,796.0736756753436,637.5000199201004
1,Deaths,1,Global,3,Both,235,95+ years,509,Chronic obstructive pulmonary disease,3,Rate,2019,1691.8475670937057,1928.2980642015432,1304.1210386201542
1,Deaths,1,Global,3,Both,243,75-84 years,509,Chronic obstructive pulmonary disease,3,Rate,2019,576.6624598234326,628.638076159856,512.4242353928652
1,Deaths,1,Global,3,Both,284,20-54 years,509,Chronic obstructive pulmonary disease,3,Rate,2019,3.4201764407057875,3.8185714469985923,2.9773874393829587
1,Deaths,1,Global,3,Both,285,55-89 years,509,Chronic obstructive pulmonary disease,3,Rate,2019,205.5706242164493,223.6351964395833,182.5018051800447
1,Deaths,1,Global,3,Both,286,60-89 years,509,Chronic obstructive pulmonary disease,3,Rate,2019,269.62705846158514,293.22238188440565,239.91005143186575
1,Deaths,1,Global,3,Both,287,65-89 years,509,Chronic obstructive pulmonary disease,3,Rate,2019,359.73365080795475,391.5336299285186,319.7489267747943
1,Deaths,1,Global,3,Both,288,70-89 years,509,Chronic obstructive pulmonary disease,3,Rate,2019,494.87408172273075,540.0818246733916,437.7855729282181
1,Deaths,1,Global,3,Both,289,75-94 years,509,Chronic obstructive pulmonary disease,3,Rate,2019,709.319887978186,776.7074646137194,622.1665925681892
1,Deaths,1,Global,3,Both,420,<70 years,509,Chronic obstructive pulmonary disease,3,Rate,2019,10.857325882600893,11.905656012957065,9.6378492326283
1,Deaths,1,Global,3,Both,8,15-19 years,976,Diabetes mellitus type 2,3,Rate,2019,0.24894984060663514,0.31792464834927486,0.20736521169185274
1,Deaths,1,Global,3,Both,9,20-24 years,976,Diabetes mellitus type 2,3,Rate,2019,0.3243657157689793,0.40697041558972086,0.2796874571154415
1,Deaths,1,Global,3,Both,10,25-29 years,976,Diabetes mellitus type 2,3,Rate,2019,0.47566046919098476,0.5759993231850788,0.4125756316096254
1,Deaths,1,Global,3,Both,11,30-34 years,976,Diabetes mellitus type 2,3,Rate,2019,1.0812128985141776,1.221454152765786,0.971060752688182
1,Deaths,1,Global,3,Both,12,35-39 years,976,Diabetes mellitus type 2,3,Rate,2019,1.9372577793980768,2.1405923734768426,1.759038103318189
1,Deaths,1,Global,3,Both,13,40-44 years,976,Diabetes mellitus type 2,3,Rate,2019,4.2228783856986,4.620842906261713,3.8261928215732404
1,Deaths,1,Global,3,Both,14,45-49 years,976,Diabetes mellitus type 2,3,Rate,2019,9.865412607725768,10.691674354684801,9.057355680021166
1,Deaths,1,Global,3,Both,15,50-54 years,976,Diabetes mellitus type 2,3,Rate,2019,18.623269715457965,19.997767788037216,17.325835132256593
1,Deaths,1,Global,3,Both,16,55-59 years,976,Diabetes mellitus type 2,3,Rate,2019,31.321278030622583,33.46653615708215,29.198976226710542
1,Deaths,1,Global,3,Both,17,60-64 years,976,Diabetes mellitus type 2,3,Rate,2019,52.72936567321313,56.56937677749219,49.31639303403488
1,Deaths,1,Global,3,Both,18,65-69 years,976,Diabetes mellitus type 2,3,Rate,2019,74.95400168989096,79.39640947951928,70.65274299458314
1,Deaths,1,Global,3,Both,19,70-74 years,976,Diabetes mellitus type 2,3,Rate,2019,108.67689328776429,115.49616801884619,102.29379711811782
1,Deaths,1,Global,3,Both,20,75-79 years,976,Diabetes mellitus type 2,3,Rate,2019,161.87387965083224,172.67763082353306,150.6249557040614
1,Deaths,1,Global,3,Both,21,80+ years,976,Diabetes mellitus type 2,3,Rate,2019,278.7589961077564,301.0419229642172,238.4242659901082
1,Deaths,1,Global,3,Both,22,All ages,976,Diabetes mellitus type 2,3,Rate,2019,19.03639043433386,20.237382968438013,17.731125315124252
1,Deaths,1,Global,3,Both,24,15-49 years,976,Diabetes mellitus type 2,3,Rate,2019,2.3108648621390557,2.514409542265833,2.1291581374693656
1,Deaths,1,Global,3,Both,25,50-69 years,976,Diabetes mellitus type 2,3,Rate,2019,40.33306590663546,42.929192778646026,37.83746097971102
1,Deaths,1,Global,3,Both,26,70+ years,976,Diabetes mellitus type 2,3,Rate,2019,178.1047110705422,190.40511662481507,159.53678261515554
1,Deaths,1,Global,3,Both,27,Age-standardized,976,Diabetes mellitus type 2,3,Rate,2019,18.488580549776056,19.655690934147753,17.175778217825776
1,Deaths,1,Global,3,Both,30,80-84 years,976,Diabetes mellitus type 2,3,Rate,2019,229.24667152917658,245.96839969652038,205.2437736066377
1,Deaths,1,Global,3,Both,31,85-89 years,976,Diabetes mellitus type 2,3,Rate,2019,303.31759425034977,328.8818238041061,257.685892361143
1,Deaths,1,Global,3,Both,32,90-94 years,976,Diabetes mellitus type 2,3,Rate,2019,393.62496433693127,435.32650781169167,319.88597511494095
1,Deaths,1,Global,3,Both,37,20+ years,976,Diabetes mellitus type 2,3,Rate,2019,28.525344561653945,30.32351049706832,26.571049474984267
1,Deaths,1,Global,3,Both,41,50-74 years,976,Diabetes mellitus type 2,3,Rate,2019,48.49779198481792,51.75905825849755,45.70448779456852
1,Deaths,1,Global,3,Both,157,25+ years,976,Diabetes mellitus type 2,3,Rate,2019,32.23848414462297,34.269930401081545,30.020491781316434
1,Deaths,1,Global,3,Both,158,<20 years,976,Diabetes mellitus type 2,3,Rate,2019,0.05979768869384776,0.07636542005315214,0.049809071355367496
1,Deaths,1,Global,3,Both,159,10-24 years,976,Diabetes mellitus type 2,3,Rate,2019,0.18739252167392562,0.23587965683910062,0.15997237972076958
1,Deaths,1,Global,3,Both,160,85+ years,976,Diabetes mellitus type 2,3,Rate,2019,342.955530703403,374.7683112556473,284.1199409890811
1,Deaths,1,Global,3,Both,162,10-19 years,976,Diabetes mellitus type 2,3,Rate,2019,0.12224082100233297,0.15610923845700006,0.10182169091880533
1,Deaths,1,Global,3,Both,169,10 - 54 years,976,Diabetes mellitus type 2,3,Rate,2019,3.435994568927645,3.7070880915534503,3.1845593957909477
1,Deaths,1,Global,3,Both,188,5-19 years,976,Diabetes mellitus type 2,3,Rate,2019,0.080480119915248,0.10277818921600371,0.0670367053159957
1,Deaths,1,Global,3,Both,197,15-39 years,976,Diabetes mellitus type 2,3,Rate,2019,0.7869329945883,0.8957796013089031,0.7114137293971362
1,Deaths,1,Global,3,Both,206,25-49 years,976,Diabetes mellitus type 2,3,Rate,2019,3.2203465266506917,3.489370458798095,2.964483748068704
1,Deaths,1,Global,3,Both,228,55+ years,976,Diabetes mellitus type 2,3,Rate,2019,92.51980733946819,98.31685000123127,85.79984126492404
1,Deaths,1,Global,3,Both,230,60-79 years,976,Diabetes mellitus type 2,3,Rate,2019,86.70945190586689,92.09575247155323,81.87624346893354
1,Deaths,1,Global,3,Both,232,65-74 years,976,Diabetes mellitus type 2,3,Rate,2019,89.11045855292579,94.84335946701087,84.1230483091712
1,Deaths,1,Global,3,Both,234,75+ years,976,Diabetes mellitus type 2,3,Rate,2019,225.0664858346281,241.61676236453357,197.98990031112012
1,Deaths,1,Global,3,Both,235,95+ years,976,Diabetes mellitus type 2,3,Rate,2019,525.0822882736493,591.0677105213645,398.1955769050964
1,Deaths,1,Global,3,Both,243,75-84 years,976,Diabetes mellitus type 2,3,Rate,2019,188.769441660671,201.18155192647714,172.3692758192185
1,Deaths,1,Global,3,Both,284,20-54 years,976,Diabetes mellitus type 2,3,Rate,2019,4.550234117069056,4.9081538827493425,4.219413015832312
1,Deaths,1,Global,3,Both,285,55-89 years,976,Diabetes mellitus type 2,3,Rate,2019,87.36105694130862,92.89283598540175,81.6216781164915
1,Deaths,1,Global,3,Both,286,60-89 years,976,Diabetes mellitus type 2,3,Rate,2019,107.88238982531018,114.69202091069684,100.47073601407129
1,Deaths,1,Global,3,Both,287,65-89 years,976,Diabetes mellitus type 2,3,Rate,2019,132.48500173235357,140.9391795735651,122.29189971184897
1,Deaths,1,Global,3,Both,288,70-89 years,976,Diabetes mellitus type 2,3,Rate,2019,166.1390557806397,177.05574544431354,151.83311264846674
1,Deaths,1,Global,3,Both,289,75-94 years,976,Diabetes mellitus type 2,3,Rate,2019,219.79804795865397,235.75351059321716,194.32783327268803
1,Deaths,1,Global,3,Both,420,<70 years,976,Diabetes mellitus type 2,3,Rate,2019,8.89642401764799,9.492653191762647,8.328834559526543
